Name,ID,Subject,Score,Percent,Grade,,,,,,,,,,,,,,,,,,,,,,,,,,,,,,,,,,,,
Amy Lin,S001,Chinese,8,80,B,,,,,,,,,,,,,,,,,,,,,,,,,,,,,,,,,,,,
Bob Chen,S002,Math,10,100,A,,,,,,,,,,,,,,,,,,,,,,,,,,,,,,,,,,,,
,,Chinese,0,0,"??
,,Chinese""",0,0,"??
"","",Chinese""",0,0,"??
,,Chinese""",0,0,"??
,,Math""",0,0,"??
",,,,,,,,,,,,,,,,,,,,,,,,
A,1,Math,0,0,"銝?
A""",1,Math,0,0,"銝?
"","",Math""",0,0,"銝?
"","",Chinese""",3,30,"銝?
B""",2,Math,0,0,"銝?
B""",2,Math,0,0,"銝?
B""",2,Math,0,0,"銝?
B""",2,Math,0,0,"銝?
B""",2,Math,0,0,"銝?
"
